<data><marketplaceId>A1F83G8C2ARO7P</marketplaceId><quantity>1</quantity><orderId>026-8436013-6859557</orderId><merchantId>A20SF6L0IZKPBB</merchantId><customizationData><children><children><children><displayValue>Flat with Gold Leaves</displayValue><name>Background Selection</name><label>SELECT your style</label><type>OptionCustomization</type><optionSelection><name>Flat with Gold Leaves</name><overlayImage><imageUrl>https://m.media-amazon.com/images/S/gestalt-seller-images-prod-eu-west-1/A1F83G8C2ARO7P/A20SF6L0IZKPBB/b16f5ac4-d093-4a1a-ae29-b770bf547866.jpg</imageUrl><dimension><width>1500</width><height>1500</height></dimension></overlayImage><label>Flat with Gold Leaves</label><thumbnailImage><imageUrl>https://m.media-amazon.com/images/S/gestalt-seller-images-prod-eu-west-1/A1F83G8C2ARO7P/A20SF6L0IZKPBB/1d45b43a-75d0-45e0-98fd-af7508ad1ea9.jpg</imageUrl><dimension><width>1500</width><height>1500</height></dimension></thumbnailImage><additionalCost><amount>0</amount></additionalCost></optionSelection></children><children><children><name/><label>CHOOSE Your Font</label><type>FontCustomization</type><fontSelection><family>Josefin Sans</family></fontSelection></children><children><colorSelection><name>Black</name><colorModel>rgb</colorModel><value>#000000</value></colorSelection><name/><label>CHOOSE your font colour</label><type>ColorCustomization</type></children><children><children><children><children><name/><inputValue> Nails &amp; Beauty by</inputValue><label>Business Name</label><type>TextCustomization</type></children><priceDelta><amount>0</amount></priceDelta><type>FlatRatePriceDeltaContainerCustomization</type></children><name>Business Name</name><label>Text Input 1</label><position><x>40</x><y>105</y></position><type>PlacementContainerCustomization</type><dimension><width>195</width><height>30</height></dimension></children><children><children><children><name/><inputValue>Rachel Marsh </inputValue><label>Your name</label><type>TextCustomization</type></children><priceDelta><amount>0</amount></priceDelta><type>FlatRatePriceDeltaContainerCustomization</type></children><name>Your name</name><label>Text Input 2</label><position><x>45</x><y>143</y></position><type>PlacementContainerCustomization</type><dimension><width>185</width><height>30</height></dimension></children><children><children><children><name/><inputValue/><label>Title/Contact 1</label><type>TextCustomization</type></children><type>FlatRatePriceDeltaContainerCustomization</type></children><name>Title</name><label>Text Input 3</label><position><x>45</x><y>178</y></position><type>PlacementContainerCustomization</type><dimension><width>185</width><height>25</height></dimension></children><children><children><children><name/><inputValue>07713 941905</inputValue><label>Contact info 2</label><type>TextCustomization</type></children><priceDelta><amount>0</amount></priceDelta><type>FlatRatePriceDeltaContainerCustomization</type></children><name>Tel</name><label>Text Input 4</label><position><x>45</x><y>207</y></position><type>PlacementContainerCustomization</type><dimension><width>185</width><height>25</height></dimension></children><children><children><children><name/><inputValue>@Ak Laser
 46 Warner street
 Accrington
BB5 1HN</inputValue><label>Other information</label><type>TextCustomization</type></children><priceDelta><amount>0</amount></priceDelta><type>FlatRatePriceDeltaContainerCustomization</type></children><name>Email, social and other</name><label>Text Input 5</label><position><x>45</x><y>240</y></position><type>PlacementContainerCustomization</type><dimension><width>185</width><height>55</height></dimension></children><type>ContainerCustomization</type></children><name>Text entry</name><label>Text 1</label><type>ContainerCustomization</type></children><children><children><name/><label>Optional Logo upload</label><type>ImageCustomization</type></children><name>Add your logo or photo?</name><label>Image 1</label><position><x>258</x><y>108</y></position><type>PlacementContainerCustomization</type><dimension><width>95</width><height>184</height></dimension></children><children><displayValue>I don&apos;t need help with artwork</displayValue><name>PRO Design check?</name><label>CHECK your artwork (smartphones scroll to top)</label><type>OptionCustomization</type><optionSelection><name>I don&apos;t need help with artwork</name><label>I don&apos;t need help with artwork</label><additionalCost><amount>0</amount></additionalCost></optionSelection></children><children><children><name>Disclaimer</name><inputValue>Checked </inputValue><label>Now, CONFIRM your Artwork</label><type>TextCustomization</type></children><name>Disclaimer</name><priceDelta><amount>0</amount></priceDelta><label>Now, CONFIRM your Artwork</label><type>FlatRatePriceDeltaContainerCustomization</type></children><children><displayValue>100</displayValue><name>How many cards?</name><label>Finally, CHOOSE Your Quantity</label><type>OptionCustomization</type><optionSelection><name>100</name><label>100</label><additionalCost><amount>0</amount></additionalCost></optionSelection></children><children><displayValue>Royal Mail</displayValue><name>Delivery Speed</name><label>Pick your delivery Speed</label><type>OptionCustomization</type><optionSelection><name>Royal Mail</name><label>Royal Mail</label><additionalCost><amount>0</amount></additionalCost></optionSelection></children><type>FlatContainerCustomization</type></children><svg>9a74ad89-265e-8ab4-0e4c-62be23cc8c85.svg</svg><name>Surface 1</name><baseImage><imageUrl>https://m.media-amazon.com/images/S/gestalt-seller-images-prod-eu-west-1/A1F83G8C2ARO7P/A20SF6L0IZKPBB/20f0530e-4b9e-4215-aaad-19c870859a76.jpg</imageUrl><dimension><width>1000</width><height>1000</height></dimension></baseImage><label>.</label><type>PreviewContainerCustomization</type><snapshot><imageName>edf9ebfc-8d67-3b84-1bc7-45098eca94da.jpg</imageName><dimension><width>400</width><height>400</height></dimension></snapshot></children><type>PageContainerCustomization</type></customizationData><orderItemId>34232853630282</orderItemId><asin>B0BTT8RZP7</asin><customizationInfo><version3.0><surfaces><name>.</name><areas><optionValue>Flat with Gold Leaves</optionValue><name>Background Selection</name><priceDelta><value>0.0</value></priceDelta><label>SELECT your style</label><customizationType>Options</customizationType><optionImage>https://m.media-amazon.com/images/S/gestalt-seller-images-prod-eu-west-1/A1F83G8C2ARO7P/A20SF6L0IZKPBB/b16f5ac4-d093-4a1a-ae29-b770bf547866.jpg</optionImage></areas><areas><colorName>Black</colorName><fontFamily>Josefin Sans</fontFamily><Position><x>40</x><y>105</y></Position><name>Business Name</name><Dimensions><width>195</width><height>30</height></Dimensions><priceDelta><value>0.0</value></priceDelta><label>Business Name</label><text> Nails &amp; Beauty by</text><fill>#000000</fill><customizationType>TextPrinting</customizationType></areas><areas><colorName>Black</colorName><fontFamily>Josefin Sans</fontFamily><Position><x>45</x><y>143</y></Position><name>Your name</name><Dimensions><width>185</width><height>30</height></Dimensions><priceDelta><value>0.0</value></priceDelta><label>Your name</label><text>Rachel Marsh </text><fill>#000000</fill><customizationType>TextPrinting</customizationType></areas><areas><colorName>Black</colorName><fontFamily>Josefin Sans</fontFamily><Position><x>45</x><y>178</y></Position><name>Title</name><Dimensions><width>185</width><height>25</height></Dimensions><label>Title/Contact 1</label><text/><fill>#000000</fill><customizationType>TextPrinting</customizationType></areas><areas><colorName>Black</colorName><fontFamily>Josefin Sans</fontFamily><Position><x>45</x><y>207</y></Position><name>Tel</name><Dimensions><width>185</width><height>25</height></Dimensions><priceDelta><value>0.0</value></priceDelta><label>Contact info 2</label><text>07713 941905</text><fill>#000000</fill><customizationType>TextPrinting</customizationType></areas><areas><colorName>Black</colorName><fontFamily>Josefin Sans</fontFamily><Position><x>45</x><y>240</y></Position><name>Email, social and other</name><Dimensions><width>185</width><height>55</height></Dimensions><priceDelta><value>0.0</value></priceDelta><label>Other information</label><text>@Ak Laser
 46 Warner street
 Accrington
BB5 1HN</text><fill>#000000</fill><customizationType>TextPrinting</customizationType></areas><areas><Position><x>258</x><y>108</y></Position><svgImage>9a74ad89-265e-8ab4-0e4c-62be23cc8c85.svg</svgImage><name>Add your logo or photo?</name><Dimensions><width>95</width><height>184</height></Dimensions><customizationType>ImagePrinting</customizationType></areas><areas><optionValue>I don&apos;t need help with artwork</optionValue><name>PRO Design check?</name><priceDelta><value>0.0</value></priceDelta><label>CHECK your artwork (smartphones scroll to top)</label><customizationType>Options</customizationType><optionImage/></areas><areas><name>Disclaimer</name><priceDelta><value>0.0</value></priceDelta><label>Now, CONFIRM your Artwork</label><text>Checked </text><customizationType>TextPrinting</customizationType></areas><areas><optionValue>100</optionValue><name>How many cards?</name><priceDelta><value>0.0</value></priceDelta><label>Finally, CHOOSE Your Quantity</label><customizationType>Options</customizationType><optionImage/></areas><areas><optionValue>Royal Mail</optionValue><name>Delivery Speed</name><priceDelta><value>0.0</value></priceDelta><label>Pick your delivery Speed</label><customizationType>Options</customizationType><optionImage/></areas></surfaces></version3.0></customizationInfo><title>Premium Luxury Printed Business Cards. Many Geometric and Classic Designs. Personalise Your own Business Cards Instantly - Many Templates - 350gsm Silk Board. Professional Design Service</title><vendorCode><present>false</present></vendorCode></data>