{
  "orderId" : "026-8436013-6859557",
  "orderItemId" : "34232853630282",
  "merchantId" : "A20SF6L0IZKPBB",
  "marketplaceId" : "A1F83G8C2ARO7P",
  "asin" : "B0BTT8RZP7",
  "title" : "Premium Luxury Printed Business Cards. Many Geometric and Classic Designs. Personalise Your own Business Cards Instantly - Many Templates - 350gsm Silk Board. Professional Design Service",
  "quantity" : 1,
  "vendorCode" : {
    "present" : false
  },
  "customizationData" : {
    "type" : "PageContainerCustomization",
    "children" : [ {
      "type" : "PreviewContainerCustomization",
      "name" : "Surface 1",
      "label" : ".",
      "children" : [ {
        "type" : "FlatContainerCustomization",
        "children" : [ {
          "type" : "OptionCustomization",
          "name" : "Background Selection",
          "label" : "SELECT your style",
          "optionSelection" : {
            "name" : "Flat with Gold Leaves",
            "label" : "Flat with Gold Leaves",
            "additionalCost" : {
              "amount" : 0
            },
            "thumbnailImage" : {
              "imageUrl" : "https://m.media-amazon.com/images/S/gestalt-seller-images-prod-eu-west-1/A1F83G8C2ARO7P/A20SF6L0IZKPBB/1d45b43a-75d0-45e0-98fd-af7508ad1ea9.jpg",
              "dimension" : {
                "width" : 1500,
                "height" : 1500
              }
            },
            "overlayImage" : {
              "imageUrl" : "https://m.media-amazon.com/images/S/gestalt-seller-images-prod-eu-west-1/A1F83G8C2ARO7P/A20SF6L0IZKPBB/b16f5ac4-d093-4a1a-ae29-b770bf547866.jpg",
              "dimension" : {
                "width" : 1500,
                "height" : 1500
              }
            }
          },
          "displayValue" : "Flat with Gold Leaves"
        }, {
          "type" : "ContainerCustomization",
          "name" : "Text entry",
          "label" : "Text 1",
          "children" : [ {
            "type" : "FontCustomization",
            "name" : "",
            "label" : "CHOOSE Your Font",
            "fontSelection" : {
              "family" : "Josefin Sans"
            }
          }, {
            "type" : "ColorCustomization",
            "name" : "",
            "label" : "CHOOSE your font colour",
            "colorSelection" : {
              "name" : "Black",
              "value" : "#000000",
              "colorModel" : "rgb"
            }
          }, {
            "type" : "ContainerCustomization",
            "children" : [ {
              "type" : "PlacementContainerCustomization",
              "name" : "Business Name",
              "label" : "Text Input 1",
              "children" : [ {
                "type" : "FlatRatePriceDeltaContainerCustomization",
                "children" : [ {
                  "type" : "TextCustomization",
                  "name" : "",
                  "label" : "Business Name",
                  "inputValue" : " Nails & Beauty by"
                } ],
                "priceDelta" : {
                  "amount" : 0
                }
              } ],
              "dimension" : {
                "width" : 195,
                "height" : 30
              },
              "position" : {
                "x" : 40,
                "y" : 105
              }
            }, {
              "type" : "PlacementContainerCustomization",
              "name" : "Your name",
              "label" : "Text Input 2",
              "children" : [ {
                "type" : "FlatRatePriceDeltaContainerCustomization",
                "children" : [ {
                  "type" : "TextCustomization",
                  "name" : "",
                  "label" : "Your name",
                  "inputValue" : "Rachel Marsh "
                } ],
                "priceDelta" : {
                  "amount" : 0
                }
              } ],
              "dimension" : {
                "width" : 185,
                "height" : 30
              },
              "position" : {
                "x" : 45,
                "y" : 143
              }
            }, {
              "type" : "PlacementContainerCustomization",
              "name" : "Title",
              "label" : "Text Input 3",
              "children" : [ {
                "type" : "FlatRatePriceDeltaContainerCustomization",
                "children" : [ {
                  "type" : "TextCustomization",
                  "name" : "",
                  "label" : "Title/Contact 1",
                  "inputValue" : ""
                } ]
              } ],
              "dimension" : {
                "width" : 185,
                "height" : 25
              },
              "position" : {
                "x" : 45,
                "y" : 178
              }
            }, {
              "type" : "PlacementContainerCustomization",
              "name" : "Tel",
              "label" : "Text Input 4",
              "children" : [ {
                "type" : "FlatRatePriceDeltaContainerCustomization",
                "children" : [ {
                  "type" : "TextCustomization",
                  "name" : "",
                  "label" : "Contact info 2",
                  "inputValue" : "07713 941905"
                } ],
                "priceDelta" : {
                  "amount" : 0
                }
              } ],
              "dimension" : {
                "width" : 185,
                "height" : 25
              },
              "position" : {
                "x" : 45,
                "y" : 207
              }
            }, {
              "type" : "PlacementContainerCustomization",
              "name" : "Email, social and other",
              "label" : "Text Input 5",
              "children" : [ {
                "type" : "FlatRatePriceDeltaContainerCustomization",
                "children" : [ {
                  "type" : "TextCustomization",
                  "name" : "",
                  "label" : "Other information",
                  "inputValue" : "@Ak Laser\n 46 Warner street\n Accrington\nBB5 1HN"
                } ],
                "priceDelta" : {
                  "amount" : 0
                }
              } ],
              "dimension" : {
                "width" : 185,
                "height" : 55
              },
              "position" : {
                "x" : 45,
                "y" : 240
              }
            } ]
          } ]
        }, {
          "type" : "PlacementContainerCustomization",
          "name" : "Add your logo or photo?",
          "label" : "Image 1",
          "children" : [ {
            "type" : "ImageCustomization",
            "name" : "",
            "label" : "Optional Logo upload"
          } ],
          "dimension" : {
            "width" : 95,
            "height" : 184
          },
          "position" : {
            "x" : 258,
            "y" : 108
          }
        }, {
          "type" : "OptionCustomization",
          "name" : "PRO Design check?",
          "label" : "CHECK your artwork (smartphones scroll to top)",
          "optionSelection" : {
            "name" : "I don't need help with artwork",
            "label" : "I don't need help with artwork",
            "additionalCost" : {
              "amount" : 0
            }
          },
          "displayValue" : "I don't need help with artwork"
        }, {
          "type" : "FlatRatePriceDeltaContainerCustomization",
          "name" : "Disclaimer",
          "label" : "Now, CONFIRM your Artwork",
          "children" : [ {
            "type" : "TextCustomization",
            "name" : "Disclaimer",
            "label" : "Now, CONFIRM your Artwork",
            "inputValue" : "Checked "
          } ],
          "priceDelta" : {
            "amount" : 0
          }
        }, {
          "type" : "OptionCustomization",
          "name" : "How many cards?",
          "label" : "Finally, CHOOSE Your Quantity",
          "optionSelection" : {
            "name" : "100",
            "label" : "100",
            "additionalCost" : {
              "amount" : 0
            }
          },
          "displayValue" : "100"
        }, {
          "type" : "OptionCustomization",
          "name" : "Delivery Speed",
          "label" : "Pick your delivery Speed",
          "optionSelection" : {
            "name" : "Royal Mail",
            "label" : "Royal Mail",
            "additionalCost" : {
              "amount" : 0
            }
          },
          "displayValue" : "Royal Mail"
        } ]
      } ],
      "baseImage" : {
        "imageUrl" : "https://m.media-amazon.com/images/S/gestalt-seller-images-prod-eu-west-1/A1F83G8C2ARO7P/A20SF6L0IZKPBB/20f0530e-4b9e-4215-aaad-19c870859a76.jpg",
        "dimension" : {
          "width" : 1000,
          "height" : 1000
        }
      },
      "snapshot" : {
        "imageName" : "edf9ebfc-8d67-3b84-1bc7-45098eca94da.jpg",
        "dimension" : {
          "width" : 400,
          "height" : 400
        }
      },
      "svg" : "9a74ad89-265e-8ab4-0e4c-62be23cc8c85.svg"
    } ]
  },
  "customizationInfo" : {
    "version3.0" : {
      "surfaces" : [ {
        "name" : ".",
        "areas" : [ {
          "customizationType" : "Options",
          "name" : "Background Selection",
          "label" : "SELECT your style",
          "optionValue" : "Flat with Gold Leaves",
          "priceDelta" : {
            "value" : 0.0
          },
          "optionImage" : "https://m.media-amazon.com/images/S/gestalt-seller-images-prod-eu-west-1/A1F83G8C2ARO7P/A20SF6L0IZKPBB/b16f5ac4-d093-4a1a-ae29-b770bf547866.jpg"
        }, {
          "customizationType" : "TextPrinting",
          "colorName" : "Black",
          "fill" : "#000000",
          "fontFamily" : "Josefin Sans",
          "Dimensions" : {
            "width" : 195,
            "height" : 30
          },
          "Position" : {
            "x" : 40,
            "y" : 105
          },
          "priceDelta" : {
            "value" : 0.0
          },
          "name" : "Business Name",
          "label" : "Business Name",
          "text" : " Nails & Beauty by"
        }, {
          "customizationType" : "TextPrinting",
          "colorName" : "Black",
          "fill" : "#000000",
          "fontFamily" : "Josefin Sans",
          "Dimensions" : {
            "width" : 185,
            "height" : 30
          },
          "Position" : {
            "x" : 45,
            "y" : 143
          },
          "priceDelta" : {
            "value" : 0.0
          },
          "name" : "Your name",
          "label" : "Your name",
          "text" : "Rachel Marsh "
        }, {
          "customizationType" : "TextPrinting",
          "colorName" : "Black",
          "fill" : "#000000",
          "fontFamily" : "Josefin Sans",
          "Dimensions" : {
            "width" : 185,
            "height" : 25
          },
          "Position" : {
            "x" : 45,
            "y" : 178
          },
          "name" : "Title",
          "label" : "Title/Contact 1",
          "text" : ""
        }, {
          "customizationType" : "TextPrinting",
          "colorName" : "Black",
          "fill" : "#000000",
          "fontFamily" : "Josefin Sans",
          "Dimensions" : {
            "width" : 185,
            "height" : 25
          },
          "Position" : {
            "x" : 45,
            "y" : 207
          },
          "priceDelta" : {
            "value" : 0.0
          },
          "name" : "Tel",
          "label" : "Contact info 2",
          "text" : "07713 941905"
        }, {
          "customizationType" : "TextPrinting",
          "colorName" : "Black",
          "fill" : "#000000",
          "fontFamily" : "Josefin Sans",
          "Dimensions" : {
            "width" : 185,
            "height" : 55
          },
          "Position" : {
            "x" : 45,
            "y" : 240
          },
          "priceDelta" : {
            "value" : 0.0
          },
          "name" : "Email, social and other",
          "label" : "Other information",
          "text" : "@Ak Laser\n 46 Warner street\n Accrington\nBB5 1HN"
        }, {
          "customizationType" : "ImagePrinting",
          "Dimensions" : {
            "width" : 95,
            "height" : 184
          },
          "Position" : {
            "x" : 258,
            "y" : 108
          },
          "name" : "Add your logo or photo?",
          "svgImage" : "9a74ad89-265e-8ab4-0e4c-62be23cc8c85.svg"
        }, {
          "customizationType" : "Options",
          "name" : "PRO Design check?",
          "label" : "CHECK your artwork (smartphones scroll to top)",
          "optionValue" : "I don't need help with artwork",
          "priceDelta" : {
            "value" : 0.0
          },
          "optionImage" : ""
        }, {
          "customizationType" : "TextPrinting",
          "priceDelta" : {
            "value" : 0.0
          },
          "name" : "Disclaimer",
          "label" : "Now, CONFIRM your Artwork",
          "text" : "Checked "
        }, {
          "customizationType" : "Options",
          "name" : "How many cards?",
          "label" : "Finally, CHOOSE Your Quantity",
          "optionValue" : "100",
          "priceDelta" : {
            "value" : 0.0
          },
          "optionImage" : ""
        }, {
          "customizationType" : "Options",
          "name" : "Delivery Speed",
          "label" : "Pick your delivery Speed",
          "optionValue" : "Royal Mail",
          "priceDelta" : {
            "value" : 0.0
          },
          "optionImage" : ""
        } ]
      } ]
    }
  }
}