{
  "orderId" : "026-0211682-9225927",
  "orderItemId" : "32929452383082",
  "merchantId" : "A20SF6L0IZKPBB",
  "marketplaceId" : "A1F83G8C2ARO7P",
  "asin" : "B0B4F21CNQ",
  "title" : "Design, Customise and Personalise Your own Business Cards Instantly - Various Templates - Finest 350gsm Silk Board - Best Print Quality",
  "quantity" : 1,
  "customizationData" : {
    "type" : "PageContainerCustomization",
    "children" : [ {
      "type" : "PreviewContainerCustomization",
      "name" : "Design your cards",
      "label" : ".",
      "children" : [ {
        "type" : "FlatContainerCustomization",
        "children" : [ {
          "type" : "OptionCustomization",
          "name" : "Background Selection",
          "label" : "SELECT your style",
          "optionSelection" : {
            "name" : "Paint Art Swirl",
            "label" : "Paint Art Swirl",
            "additionalCost" : {
              "amount" : 0
            },
            "thumbnailImage" : {
              "imageUrl" : "https://m.media-amazon.com/images/S/gestalt-seller-images-prod-eu-west-1/A1F83G8C2ARO7P/A20SF6L0IZKPBB/e8a78619-62e0-42c4-bd8a-67595454ea1c.jpg",
              "dimension" : {
                "width" : 1500,
                "height" : 1500
              }
            },
            "overlayImage" : {
              "imageUrl" : "https://m.media-amazon.com/images/S/gestalt-seller-images-prod-eu-west-1/A1F83G8C2ARO7P/A20SF6L0IZKPBB/95731950-6faa-4095-82b2-2b80cc86203e.jpg",
              "dimension" : {
                "width" : 1500,
                "height" : 1500
              }
            }
          },
          "displayValue" : "Paint Art Swirl"
        }, {
          "type" : "ContainerCustomization",
          "name" : "Business name",
          "label" : "Text 1",
          "children" : [ {
            "type" : "FontCustomization",
            "name" : "",
            "label" : "CHOOSE Your Font",
            "fontSelection" : {
              "family" : "Open Sans"
            }
          }, {
            "type" : "ColorCustomization",
            "name" : "",
            "label" : "CHOOSE your font colour",
            "colorSelection" : {
              "name" : "White",
              "value" : "#ffffff",
              "colorModel" : "rgb"
            }
          }, {
            "type" : "ContainerCustomization",
            "children" : [ {
              "type" : "PlacementContainerCustomization",
              "name" : "Business Name",
              "label" : "Text Input 1",
              "children" : [ {
                "type" : "FlatRatePriceDeltaContainerCustomization",
                "children" : [ {
                  "type" : "TextCustomization",
                  "name" : "",
                  "label" : "Business Name",
                  "inputValue" : "Sewn by Rachel"
                } ],
                "priceDelta" : {
                  "amount" : 0
                }
              } ],
              "dimension" : {
                "width" : 195,
                "height" : 30
              },
              "position" : {
                "x" : 40,
                "y" : 105
              }
            }, {
              "type" : "PlacementContainerCustomization",
              "name" : "Text Input 1",
              "label" : "Text Input 2",
              "children" : [ {
                "type" : "FlatRatePriceDeltaContainerCustomization",
                "children" : [ {
                  "type" : "TextCustomization",
                  "name" : "",
                  "label" : "Your name",
                  "inputValue" : "Handmade sewn goodies"
                } ],
                "priceDelta" : {
                  "amount" : 0
                }
              } ],
              "dimension" : {
                "width" : 185,
                "height" : 30
              },
              "position" : {
                "x" : 45,
                "y" : 143
              }
            }, {
              "type" : "PlacementContainerCustomization",
              "name" : "Title",
              "label" : "Text Input 3",
              "children" : [ {
                "type" : "FlatRatePriceDeltaContainerCustomization",
                "children" : [ {
                  "type" : "TextCustomization",
                  "name" : "",
                  "label" : "Title/Contact 1",
                  "inputValue" : "Rachel Eyre"
                } ],
                "priceDelta" : {
                  "amount" : 0
                }
              } ],
              "dimension" : {
                "width" : 185,
                "height" : 25
              },
              "position" : {
                "x" : 45,
                "y" : 178
              }
            }, {
              "type" : "PlacementContainerCustomization",
              "name" : "Tel",
              "label" : "Text Input 4",
              "children" : [ {
                "type" : "FlatRatePriceDeltaContainerCustomization",
                "children" : [ {
                  "type" : "TextCustomization",
                  "name" : "",
                  "label" : "Contact info 2",
                  "inputValue" : "Rachel.rose.eyre@gmail.com"
                } ],
                "priceDelta" : {
                  "amount" : 0
                }
              } ],
              "dimension" : {
                "width" : 185,
                "height" : 25
              },
              "position" : {
                "x" : 45,
                "y" : 207
              }
            }, {
              "type" : "PlacementContainerCustomization",
              "name" : "Email, social and other",
              "label" : "Text Input 5",
              "children" : [ {
                "type" : "FlatRatePriceDeltaContainerCustomization",
                "children" : [ {
                  "type" : "TextCustomization",
                  "name" : "",
                  "label" : "Other information",
                  "inputValue" : "Commission pieces welcome"
                } ],
                "priceDelta" : {
                  "amount" : 0
                }
              } ],
              "dimension" : {
                "width" : 185,
                "height" : 55
              },
              "position" : {
                "x" : 45,
                "y" : 240
              }
            } ]
          } ]
        }, {
          "type" : "PlacementContainerCustomization",
          "name" : "Add your logo?",
          "label" : "Image 1",
          "children" : [ {
            "type" : "ImageCustomization",
            "name" : "",
            "label" : "Optional Logo upload"
          } ],
          "dimension" : {
            "width" : 95,
            "height" : 184
          },
          "position" : {
            "x" : 258,
            "y" : 108
          }
        }, {
          "type" : "OptionCustomization",
          "name" : "PRO Design check?",
          "label" : "CHECK your artwork (smartphones scroll to top)",
          "optionSelection" : {
            "name" : "I don't need help with artwork",
            "label" : "I don't need help with artwork",
            "additionalCost" : {
              "amount" : 0
            }
          },
          "displayValue" : "I don't need help with artwork"
        }, {
          "type" : "FlatRatePriceDeltaContainerCustomization",
          "name" : "Disclaimer",
          "label" : "Now, CONFIRM your Artwork",
          "children" : [ {
            "type" : "TextCustomization",
            "name" : "Disclaimer",
            "label" : "Now, CONFIRM your Artwork",
            "inputValue" : "Sewing"
          } ],
          "priceDelta" : {
            "amount" : 0
          }
        }, {
          "type" : "OptionCustomization",
          "name" : "How many cards?",
          "label" : "Finally, CHOOSE Your Quantity",
          "optionSelection" : {
            "name" : "100",
            "label" : "100",
            "additionalCost" : {
              "amount" : 0
            }
          },
          "displayValue" : "100"
        }, {
          "type" : "OptionCustomization",
          "name" : "Delivery Speed",
          "label" : "Pick your delivery Speed",
          "optionSelection" : {
            "name" : "Royal Mail",
            "label" : "Royal Mail",
            "additionalCost" : {
              "amount" : 0
            }
          },
          "displayValue" : "Royal Mail"
        } ]
      } ],
      "baseImage" : {
        "imageUrl" : "https://m.media-amazon.com/images/S/gestalt-seller-images-prod-eu-west-1/A1F83G8C2ARO7P/A20SF6L0IZKPBB/a9f12cd4-b120-40aa-be92-128c788e451b.jpg",
        "dimension" : {
          "width" : 1000,
          "height" : 1000
        }
      },
      "snapshot" : {
        "imageName" : "2cf748a8-ce39-23c6-e4be-fb147678d978.jpg",
        "dimension" : {
          "width" : 400,
          "height" : 400
        }
      },
      "svg" : "0829002f-9ff3-58a4-4901-31552841e050.svg"
    } ]
  },
  "customizationInfo" : {
    "version3.0" : {
      "surfaces" : [ {
        "name" : ".",
        "areas" : [ {
          "customizationType" : "Options",
          "name" : "Background Selection",
          "label" : "SELECT your style",
          "optionValue" : "Paint Art Swirl",
          "priceDelta" : {
            "value" : 0.0
          },
          "optionImage" : "https://m.media-amazon.com/images/S/gestalt-seller-images-prod-eu-west-1/A1F83G8C2ARO7P/A20SF6L0IZKPBB/95731950-6faa-4095-82b2-2b80cc86203e.jpg"
        }, {
          "customizationType" : "TextPrinting",
          "colorName" : "White",
          "fill" : "#ffffff",
          "fontFamily" : "Open Sans",
          "Dimensions" : {
            "width" : 195,
            "height" : 30
          },
          "Position" : {
            "x" : 40,
            "y" : 105
          },
          "priceDelta" : {
            "value" : 0.0
          },
          "name" : "Business Name",
          "label" : "Business Name",
          "text" : "Sewn by Rachel"
        }, {
          "customizationType" : "TextPrinting",
          "colorName" : "White",
          "fill" : "#ffffff",
          "fontFamily" : "Open Sans",
          "Dimensions" : {
            "width" : 185,
            "height" : 30
          },
          "Position" : {
            "x" : 45,
            "y" : 143
          },
          "priceDelta" : {
            "value" : 0.0
          },
          "name" : "Text Input 1",
          "label" : "Your name",
          "text" : "Handmade sewn goodies"
        }, {
          "customizationType" : "TextPrinting",
          "colorName" : "White",
          "fill" : "#ffffff",
          "fontFamily" : "Open Sans",
          "Dimensions" : {
            "width" : 185,
            "height" : 25
          },
          "Position" : {
            "x" : 45,
            "y" : 178
          },
          "priceDelta" : {
            "value" : 0.0
          },
          "name" : "Title",
          "label" : "Title/Contact 1",
          "text" : "Rachel Eyre"
        }, {
          "customizationType" : "TextPrinting",
          "colorName" : "White",
          "fill" : "#ffffff",
          "fontFamily" : "Open Sans",
          "Dimensions" : {
            "width" : 185,
            "height" : 25
          },
          "Position" : {
            "x" : 45,
            "y" : 207
          },
          "priceDelta" : {
            "value" : 0.0
          },
          "name" : "Tel",
          "label" : "Contact info 2",
          "text" : "Rachel.rose.eyre@gmail.com"
        }, {
          "customizationType" : "TextPrinting",
          "colorName" : "White",
          "fill" : "#ffffff",
          "fontFamily" : "Open Sans",
          "Dimensions" : {
            "width" : 185,
            "height" : 55
          },
          "Position" : {
            "x" : 45,
            "y" : 240
          },
          "priceDelta" : {
            "value" : 0.0
          },
          "name" : "Email, social and other",
          "label" : "Other information",
          "text" : "Commission pieces welcome"
        }, {
          "customizationType" : "ImagePrinting",
          "Dimensions" : {
            "width" : 95,
            "height" : 184
          },
          "Position" : {
            "x" : 258,
            "y" : 108
          },
          "name" : "Add your logo?",
          "svgImage" : "0829002f-9ff3-58a4-4901-31552841e050.svg"
        }, {
          "customizationType" : "Options",
          "name" : "PRO Design check?",
          "label" : "CHECK your artwork (smartphones scroll to top)",
          "optionValue" : "I don't need help with artwork",
          "priceDelta" : {
            "value" : 0.0
          },
          "optionImage" : ""
        }, {
          "customizationType" : "TextPrinting",
          "priceDelta" : {
            "value" : 0.0
          },
          "name" : "Disclaimer",
          "label" : "Now, CONFIRM your Artwork",
          "text" : "Sewing"
        }, {
          "customizationType" : "Options",
          "name" : "How many cards?",
          "label" : "Finally, CHOOSE Your Quantity",
          "optionValue" : "100",
          "priceDelta" : {
            "value" : 0.0
          },
          "optionImage" : ""
        }, {
          "customizationType" : "Options",
          "name" : "Delivery Speed",
          "label" : "Pick your delivery Speed",
          "optionValue" : "Royal Mail",
          "priceDelta" : {
            "value" : 0.0
          },
          "optionImage" : ""
        } ]
      } ]
    }
  }
}