<data><marketplaceId>A1F83G8C2ARO7P</marketplaceId><quantity>1</quantity><orderId>026-0211682-9225927</orderId><merchantId>A20SF6L0IZKPBB</merchantId><customizationData><children><children><children><displayValue>Paint Art Swirl</displayValue><name>Background Selection</name><label>SELECT your style</label><type>OptionCustomization</type><optionSelection><name>Paint Art Swirl</name><overlayImage><imageUrl>https://m.media-amazon.com/images/S/gestalt-seller-images-prod-eu-west-1/A1F83G8C2ARO7P/A20SF6L0IZKPBB/95731950-6faa-4095-82b2-2b80cc86203e.jpg</imageUrl><dimension><width>1500</width><height>1500</height></dimension></overlayImage><label>Paint Art Swirl</label><thumbnailImage><imageUrl>https://m.media-amazon.com/images/S/gestalt-seller-images-prod-eu-west-1/A1F83G8C2ARO7P/A20SF6L0IZKPBB/e8a78619-62e0-42c4-bd8a-67595454ea1c.jpg</imageUrl><dimension><width>1500</width><height>1500</height></dimension></thumbnailImage><additionalCost><amount>0</amount></additionalCost></optionSelection></children><children><children><name/><label>CHOOSE Your Font</label><type>FontCustomization</type><fontSelection><family>Open Sans</family></fontSelection></children><children><colorSelection><name>White</name><colorModel>rgb</colorModel><value>#ffffff</value></colorSelection><name/><label>CHOOSE your font colour</label><type>ColorCustomization</type></children><children><children><children><children><name/><inputValue>Sewn by Rachel</inputValue><label>Business Name</label><type>TextCustomization</type></children><priceDelta><amount>0</amount></priceDelta><type>FlatRatePriceDeltaContainerCustomization</type></children><name>Business Name</name><label>Text Input 1</label><position><x>40</x><y>105</y></position><type>PlacementContainerCustomization</type><dimension><width>195</width><height>30</height></dimension></children><children><children><children><name/><inputValue>Handmade sewn goodies</inputValue><label>Your name</label><type>TextCustomization</type></children><priceDelta><amount>0</amount></priceDelta><type>FlatRatePriceDeltaContainerCustomization</type></children><name>Text Input 1</name><label>Text Input 2</label><position><x>45</x><y>143</y></position><type>PlacementContainerCustomization</type><dimension><width>185</width><height>30</height></dimension></children><children><children><children><name/><inputValue>Rachel Eyre</inputValue><label>Title/Contact 1</label><type>TextCustomization</type></children><priceDelta><amount>0</amount></priceDelta><type>FlatRatePriceDeltaContainerCustomization</type></children><name>Title</name><label>Text Input 3</label><position><x>45</x><y>178</y></position><type>PlacementContainerCustomization</type><dimension><width>185</width><height>25</height></dimension></children><children><children><children><name/><inputValue>Rachel.rose.eyre@gmail.com</inputValue><label>Contact info 2</label><type>TextCustomization</type></children><priceDelta><amount>0</amount></priceDelta><type>FlatRatePriceDeltaContainerCustomization</type></children><name>Tel</name><label>Text Input 4</label><position><x>45</x><y>207</y></position><type>PlacementContainerCustomization</type><dimension><width>185</width><height>25</height></dimension></children><children><children><children><name/><inputValue>Commission pieces welcome</inputValue><label>Other information</label><type>TextCustomization</type></children><priceDelta><amount>0</amount></priceDelta><type>FlatRatePriceDeltaContainerCustomization</type></children><name>Email, social and other</name><label>Text Input 5</label><position><x>45</x><y>240</y></position><type>PlacementContainerCustomization</type><dimension><width>185</width><height>55</height></dimension></children><type>ContainerCustomization</type></children><name>Business name</name><label>Text 1</label><type>ContainerCustomization</type></children><children><children><name/><label>Optional Logo upload</label><type>ImageCustomization</type></children><name>Add your logo?</name><label>Image 1</label><position><x>258</x><y>108</y></position><type>PlacementContainerCustomization</type><dimension><width>95</width><height>184</height></dimension></children><children><displayValue>I don&apos;t need help with artwork</displayValue><name>PRO Design check?</name><label>CHECK your artwork (smartphones scroll to top)</label><type>OptionCustomization</type><optionSelection><name>I don&apos;t need help with artwork</name><label>I don&apos;t need help with artwork</label><additionalCost><amount>0</amount></additionalCost></optionSelection></children><children><children><name>Disclaimer</name><inputValue>Sewing</inputValue><label>Now, CONFIRM your Artwork</label><type>TextCustomization</type></children><name>Disclaimer</name><priceDelta><amount>0</amount></priceDelta><label>Now, CONFIRM your Artwork</label><type>FlatRatePriceDeltaContainerCustomization</type></children><children><displayValue>100</displayValue><name>How many cards?</name><label>Finally, CHOOSE Your Quantity</label><type>OptionCustomization</type><optionSelection><name>100</name><label>100</label><additionalCost><amount>0</amount></additionalCost></optionSelection></children><children><displayValue>Royal Mail</displayValue><name>Delivery Speed</name><label>Pick your delivery Speed</label><type>OptionCustomization</type><optionSelection><name>Royal Mail</name><label>Royal Mail</label><additionalCost><amount>0</amount></additionalCost></optionSelection></children><type>FlatContainerCustomization</type></children><svg>0829002f-9ff3-58a4-4901-31552841e050.svg</svg><name>Design your cards</name><baseImage><imageUrl>https://m.media-amazon.com/images/S/gestalt-seller-images-prod-eu-west-1/A1F83G8C2ARO7P/A20SF6L0IZKPBB/a9f12cd4-b120-40aa-be92-128c788e451b.jpg</imageUrl><dimension><width>1000</width><height>1000</height></dimension></baseImage><label>.</label><type>PreviewContainerCustomization</type><snapshot><imageName>2cf748a8-ce39-23c6-e4be-fb147678d978.jpg</imageName><dimension><width>400</width><height>400</height></dimension></snapshot></children><type>PageContainerCustomization</type></customizationData><orderItemId>32929452383082</orderItemId><asin>B0B4F21CNQ</asin><customizationInfo><version3.0><surfaces><name>.</name><areas><optionValue>Paint Art Swirl</optionValue><name>Background Selection</name><priceDelta><value>0.0</value></priceDelta><label>SELECT your style</label><customizationType>Options</customizationType><optionImage>https://m.media-amazon.com/images/S/gestalt-seller-images-prod-eu-west-1/A1F83G8C2ARO7P/A20SF6L0IZKPBB/95731950-6faa-4095-82b2-2b80cc86203e.jpg</optionImage></areas><areas><colorName>White</colorName><fontFamily>Open Sans</fontFamily><Position><x>40</x><y>105</y></Position><name>Business Name</name><Dimensions><width>195</width><height>30</height></Dimensions><priceDelta><value>0.0</value></priceDelta><label>Business Name</label><text>Sewn by Rachel</text><fill>#ffffff</fill><customizationType>TextPrinting</customizationType></areas><areas><colorName>White</colorName><fontFamily>Open Sans</fontFamily><Position><x>45</x><y>143</y></Position><name>Text Input 1</name><Dimensions><width>185</width><height>30</height></Dimensions><priceDelta><value>0.0</value></priceDelta><label>Your name</label><text>Handmade sewn goodies</text><fill>#ffffff</fill><customizationType>TextPrinting</customizationType></areas><areas><colorName>White</colorName><fontFamily>Open Sans</fontFamily><Position><x>45</x><y>178</y></Position><name>Title</name><Dimensions><width>185</width><height>25</height></Dimensions><priceDelta><value>0.0</value></priceDelta><label>Title/Contact 1</label><text>Rachel Eyre</text><fill>#ffffff</fill><customizationType>TextPrinting</customizationType></areas><areas><colorName>White</colorName><fontFamily>Open Sans</fontFamily><Position><x>45</x><y>207</y></Position><name>Tel</name><Dimensions><width>185</width><height>25</height></Dimensions><priceDelta><value>0.0</value></priceDelta><label>Contact info 2</label><text>Rachel.rose.eyre@gmail.com</text><fill>#ffffff</fill><customizationType>TextPrinting</customizationType></areas><areas><colorName>White</colorName><fontFamily>Open Sans</fontFamily><Position><x>45</x><y>240</y></Position><name>Email, social and other</name><Dimensions><width>185</width><height>55</height></Dimensions><priceDelta><value>0.0</value></priceDelta><label>Other information</label><text>Commission pieces welcome</text><fill>#ffffff</fill><customizationType>TextPrinting</customizationType></areas><areas><Position><x>258</x><y>108</y></Position><svgImage>0829002f-9ff3-58a4-4901-31552841e050.svg</svgImage><name>Add your logo?</name><Dimensions><width>95</width><height>184</height></Dimensions><customizationType>ImagePrinting</customizationType></areas><areas><optionValue>I don&apos;t need help with artwork</optionValue><name>PRO Design check?</name><priceDelta><value>0.0</value></priceDelta><label>CHECK your artwork (smartphones scroll to top)</label><customizationType>Options</customizationType><optionImage/></areas><areas><name>Disclaimer</name><priceDelta><value>0.0</value></priceDelta><label>Now, CONFIRM your Artwork</label><text>Sewing</text><customizationType>TextPrinting</customizationType></areas><areas><optionValue>100</optionValue><name>How many cards?</name><priceDelta><value>0.0</value></priceDelta><label>Finally, CHOOSE Your Quantity</label><customizationType>Options</customizationType><optionImage/></areas><areas><optionValue>Royal Mail</optionValue><name>Delivery Speed</name><priceDelta><value>0.0</value></priceDelta><label>Pick your delivery Speed</label><customizationType>Options</customizationType><optionImage/></areas></surfaces></version3.0></customizationInfo><title>Design, Customise and Personalise Your own Business Cards Instantly - Various Templates - Finest 350gsm Silk Board - Best Print Quality</title></data>