{
  "orderId" : "202-5794365-4605168",
  "orderItemId" : "33808194254282",
  "merchantId" : "A20SF6L0IZKPBB",
  "marketplaceId" : "A1F83G8C2ARO7P",
  "asin" : "B09RSRZ1HX",
  "title" : "Printed Business Cards. Design and Personalise Your own Business Cards Instantly - Various Templates - Finest 350gsm Silk Board - Best Print Quality. 100% UK Made",
  "quantity" : 1,
  "customizationData" : {
    "type" : "PageContainerCustomization",
    "children" : [ {
      "type" : "PreviewContainerCustomization",
      "name" : "Design your cards",
      "label" : ".",
      "children" : [ {
        "type" : "FlatContainerCustomization",
        "children" : [ {
          "type" : "OptionCustomization",
          "name" : "Background Selection",
          "label" : "SELECT your style",
          "optionSelection" : {
            "name" : "Green Stones",
            "label" : "Green Stones",
            "additionalCost" : {
              "amount" : 0
            },
            "thumbnailImage" : {
              "imageUrl" : "https://m.media-amazon.com/images/S/gestalt-seller-images-prod-eu-west-1/A1F83G8C2ARO7P/A20SF6L0IZKPBB/f17558e4-3715-4fca-83cb-450de8064d75.jpg",
              "dimension" : {
                "width" : 1500,
                "height" : 1500
              }
            },
            "overlayImage" : {
              "imageUrl" : "https://m.media-amazon.com/images/S/gestalt-seller-images-prod-eu-west-1/A1F83G8C2ARO7P/A20SF6L0IZKPBB/5007ce89-9e8b-4fd4-8c9b-5bc4c4b853c8.jpg",
              "dimension" : {
                "width" : 1500,
                "height" : 1500
              }
            }
          },
          "displayValue" : "Green Stones"
        }, {
          "type" : "ContainerCustomization",
          "name" : "Business name",
          "label" : "Text 1",
          "children" : [ {
            "type" : "FontCustomization",
            "name" : "",
            "label" : "CHOOSE Your Font",
            "fontSelection" : {
              "family" : "Helvetica"
            }
          }, {
            "type" : "ColorCustomization",
            "name" : "",
            "label" : "CHOOSE your font colour",
            "colorSelection" : {
              "name" : "Black",
              "value" : "#000000",
              "colorModel" : "rgb"
            }
          }, {
            "type" : "ContainerCustomization",
            "children" : [ {
              "type" : "PlacementContainerCustomization",
              "name" : "Business Name",
              "label" : "Text Input 5",
              "children" : [ {
                "type" : "FlatRatePriceDeltaContainerCustomization",
                "children" : [ {
                  "type" : "TextCustomization",
                  "name" : "",
                  "label" : "Business name",
                  "inputValue" : "Greenlands"
                } ],
                "priceDelta" : {
                  "amount" : 0
                }
              } ],
              "dimension" : {
                "width" : 195,
                "height" : 30
              },
              "position" : {
                "x" : 40,
                "y" : 105
              }
            }, {
              "type" : "PlacementContainerCustomization",
              "name" : "Text Input 1",
              "label" : "Text Input 1",
              "children" : [ {
                "type" : "FlatRatePriceDeltaContainerCustomization",
                "children" : [ {
                  "type" : "TextCustomization",
                  "name" : "",
                  "label" : "Your name",
                  "inputValue" : "Justin green"
                } ],
                "priceDelta" : {
                  "amount" : 0
                }
              } ],
              "dimension" : {
                "width" : 185,
                "height" : 30
              },
              "position" : {
                "x" : 45,
                "y" : 143
              }
            }, {
              "type" : "PlacementContainerCustomization",
              "name" : "Title",
              "label" : "Text Input 2",
              "children" : [ {
                "type" : "FlatRatePriceDeltaContainerCustomization",
                "children" : [ {
                  "type" : "TextCustomization",
                  "name" : "",
                  "label" : "Title/Contact 1",
                  "inputValue" : "07981 282657"
                } ],
                "priceDelta" : {
                  "amount" : 0
                }
              } ],
              "dimension" : {
                "width" : 185,
                "height" : 25
              },
              "position" : {
                "x" : 45,
                "y" : 178
              }
            }, {
              "type" : "PlacementContainerCustomization",
              "name" : "Tel",
              "label" : "Text Input 4",
              "children" : [ {
                "type" : "FlatRatePriceDeltaContainerCustomization",
                "children" : [ {
                  "type" : "TextCustomization",
                  "name" : "",
                  "label" : "Contact info 2",
                  "inputValue" : "Greenlandss@outlook.com"
                } ],
                "priceDelta" : {
                  "amount" : 0
                }
              } ],
              "dimension" : {
                "width" : 185,
                "height" : 25
              },
              "position" : {
                "x" : 45,
                "y" : 207
              }
            }, {
              "type" : "PlacementContainerCustomization",
              "name" : "Email, social and other",
              "label" : "Text Input 3",
              "children" : [ {
                "type" : "FlatRatePriceDeltaContainerCustomization",
                "children" : [ {
                  "type" : "TextCustomization",
                  "name" : "",
                  "label" : "Other information",
                  "inputValue" : ""
                } ]
              } ],
              "dimension" : {
                "width" : 185,
                "height" : 55
              },
              "position" : {
                "x" : 45,
                "y" : 240
              }
            } ]
          } ]
        }, {
          "type" : "PlacementContainerCustomization",
          "name" : "Add your logo?",
          "label" : "Image 1",
          "children" : [ {
            "type" : "ImageCustomization",
            "name" : "",
            "label" : "Optional Logo upload"
          } ],
          "dimension" : {
            "width" : 95,
            "height" : 184
          },
          "position" : {
            "x" : 258,
            "y" : 108
          }
        }, {
          "type" : "OptionCustomization",
          "name" : "PRO Design check?",
          "label" : "CHECK your artwork (smartphones scroll to top)",
          "optionSelection" : {
            "name" : "I don't need help with artwork",
            "label" : "I don't need help with artwork",
            "additionalCost" : {
              "amount" : 0
            }
          },
          "displayValue" : "I don't need help with artwork"
        }, {
          "type" : "FlatRatePriceDeltaContainerCustomization",
          "name" : "Disclaimer",
          "label" : "Now, CONFIRM your Artwork",
          "children" : [ {
            "type" : "TextCustomization",
            "name" : "Disclaimer",
            "label" : "Now, CONFIRM your Artwork",
            "inputValue" : "Checked"
          } ],
          "priceDelta" : {
            "amount" : 0
          }
        }, {
          "type" : "OptionCustomization",
          "name" : "How many cards?",
          "label" : "Finally, CHOOSE Your Quantity",
          "optionSelection" : {
            "name" : "250",
            "label" : "250",
            "additionalCost" : {
              "amount" : 8.99
            }
          },
          "displayValue" : "250"
        }, {
          "type" : "OptionCustomization",
          "name" : "Delivery Speed",
          "label" : "Pick your delivery Speed",
          "optionSelection" : {
            "name" : "Royal Mail",
            "label" : "Royal Mail",
            "additionalCost" : {
              "amount" : 0
            }
          },
          "displayValue" : "Royal Mail"
        } ]
      } ],
      "baseImage" : {
        "imageUrl" : "https://m.media-amazon.com/images/S/gestalt-seller-images-prod-eu-west-1/A1F83G8C2ARO7P/A20SF6L0IZKPBB/1841f80c-becd-44cc-87e4-6f1ee4e299c2.jpg",
        "dimension" : {
          "width" : 1000,
          "height" : 1000
        }
      },
      "snapshot" : {
        "imageName" : "1faec873-1709-b25e-f92d-d3d6248a8768.jpg",
        "dimension" : {
          "width" : 400,
          "height" : 400
        }
      },
      "svg" : "8e2435a3-fea9-1c8b-c73e-4c70d115f703.svg"
    } ]
  },
  "customizationInfo" : {
    "version3.0" : {
      "surfaces" : [ {
        "name" : ".",
        "areas" : [ {
          "customizationType" : "Options",
          "name" : "Background Selection",
          "label" : "SELECT your style",
          "optionValue" : "Green Stones",
          "priceDelta" : {
            "value" : 0.0
          },
          "optionImage" : "https://m.media-amazon.com/images/S/gestalt-seller-images-prod-eu-west-1/A1F83G8C2ARO7P/A20SF6L0IZKPBB/5007ce89-9e8b-4fd4-8c9b-5bc4c4b853c8.jpg"
        }, {
          "customizationType" : "TextPrinting",
          "colorName" : "Black",
          "fill" : "#000000",
          "fontFamily" : "Helvetica",
          "Dimensions" : {
            "width" : 195,
            "height" : 30
          },
          "Position" : {
            "x" : 40,
            "y" : 105
          },
          "priceDelta" : {
            "value" : 0.0
          },
          "name" : "Business Name",
          "label" : "Business name",
          "text" : "Greenlands"
        }, {
          "customizationType" : "TextPrinting",
          "colorName" : "Black",
          "fill" : "#000000",
          "fontFamily" : "Helvetica",
          "Dimensions" : {
            "width" : 185,
            "height" : 30
          },
          "Position" : {
            "x" : 45,
            "y" : 143
          },
          "priceDelta" : {
            "value" : 0.0
          },
          "name" : "Text Input 1",
          "label" : "Your name",
          "text" : "Justin green"
        }, {
          "customizationType" : "TextPrinting",
          "colorName" : "Black",
          "fill" : "#000000",
          "fontFamily" : "Helvetica",
          "Dimensions" : {
            "width" : 185,
            "height" : 25
          },
          "Position" : {
            "x" : 45,
            "y" : 178
          },
          "priceDelta" : {
            "value" : 0.0
          },
          "name" : "Title",
          "label" : "Title/Contact 1",
          "text" : "07981 282657"
        }, {
          "customizationType" : "TextPrinting",
          "colorName" : "Black",
          "fill" : "#000000",
          "fontFamily" : "Helvetica",
          "Dimensions" : {
            "width" : 185,
            "height" : 25
          },
          "Position" : {
            "x" : 45,
            "y" : 207
          },
          "priceDelta" : {
            "value" : 0.0
          },
          "name" : "Tel",
          "label" : "Contact info 2",
          "text" : "Greenlandss@outlook.com"
        }, {
          "customizationType" : "TextPrinting",
          "colorName" : "Black",
          "fill" : "#000000",
          "fontFamily" : "Helvetica",
          "Dimensions" : {
            "width" : 185,
            "height" : 55
          },
          "Position" : {
            "x" : 45,
            "y" : 240
          },
          "name" : "Email, social and other",
          "label" : "Other information",
          "text" : ""
        }, {
          "customizationType" : "ImagePrinting",
          "Dimensions" : {
            "width" : 95,
            "height" : 184
          },
          "Position" : {
            "x" : 258,
            "y" : 108
          },
          "name" : "Add your logo?",
          "svgImage" : "8e2435a3-fea9-1c8b-c73e-4c70d115f703.svg"
        }, {
          "customizationType" : "Options",
          "name" : "PRO Design check?",
          "label" : "CHECK your artwork (smartphones scroll to top)",
          "optionValue" : "I don't need help with artwork",
          "priceDelta" : {
            "value" : 0.0
          },
          "optionImage" : ""
        }, {
          "customizationType" : "TextPrinting",
          "priceDelta" : {
            "value" : 0.0
          },
          "name" : "Disclaimer",
          "label" : "Now, CONFIRM your Artwork",
          "text" : "Checked"
        }, {
          "customizationType" : "Options",
          "name" : "How many cards?",
          "label" : "Finally, CHOOSE Your Quantity",
          "optionValue" : "250",
          "priceDelta" : {
            "value" : 8.99
          },
          "optionImage" : ""
        }, {
          "customizationType" : "Options",
          "name" : "Delivery Speed",
          "label" : "Pick your delivery Speed",
          "optionValue" : "Royal Mail",
          "priceDelta" : {
            "value" : 0.0
          },
          "optionImage" : ""
        } ]
      } ]
    }
  }
}