<data><marketplaceId>A1F83G8C2ARO7P</marketplaceId><quantity>1</quantity><orderId>202-5794365-4605168</orderId><merchantId>A20SF6L0IZKPBB</merchantId><customizationData><children><children><children><displayValue>Green Stones</displayValue><name>Background Selection</name><label>SELECT your style</label><type>OptionCustomization</type><optionSelection><name>Green Stones</name><overlayImage><imageUrl>https://m.media-amazon.com/images/S/gestalt-seller-images-prod-eu-west-1/A1F83G8C2ARO7P/A20SF6L0IZKPBB/5007ce89-9e8b-4fd4-8c9b-5bc4c4b853c8.jpg</imageUrl><dimension><width>1500</width><height>1500</height></dimension></overlayImage><label>Green Stones</label><thumbnailImage><imageUrl>https://m.media-amazon.com/images/S/gestalt-seller-images-prod-eu-west-1/A1F83G8C2ARO7P/A20SF6L0IZKPBB/f17558e4-3715-4fca-83cb-450de8064d75.jpg</imageUrl><dimension><width>1500</width><height>1500</height></dimension></thumbnailImage><additionalCost><amount>0</amount></additionalCost></optionSelection></children><children><children><name/><label>CHOOSE Your Font</label><type>FontCustomization</type><fontSelection><family>Helvetica</family></fontSelection></children><children><colorSelection><name>Black</name><colorModel>rgb</colorModel><value>#000000</value></colorSelection><name/><label>CHOOSE your font colour</label><type>ColorCustomization</type></children><children><children><children><children><name/><inputValue>Greenlands</inputValue><label>Business name</label><type>TextCustomization</type></children><priceDelta><amount>0</amount></priceDelta><type>FlatRatePriceDeltaContainerCustomization</type></children><name>Business Name</name><label>Text Input 5</label><position><x>40</x><y>105</y></position><type>PlacementContainerCustomization</type><dimension><width>195</width><height>30</height></dimension></children><children><children><children><name/><inputValue>Justin green</inputValue><label>Your name</label><type>TextCustomization</type></children><priceDelta><amount>0</amount></priceDelta><type>FlatRatePriceDeltaContainerCustomization</type></children><name>Text Input 1</name><label>Text Input 1</label><position><x>45</x><y>143</y></position><type>PlacementContainerCustomization</type><dimension><width>185</width><height>30</height></dimension></children><children><children><children><name/><inputValue>07981 282657</inputValue><label>Title/Contact 1</label><type>TextCustomization</type></children><priceDelta><amount>0</amount></priceDelta><type>FlatRatePriceDeltaContainerCustomization</type></children><name>Title</name><label>Text Input 2</label><position><x>45</x><y>178</y></position><type>PlacementContainerCustomization</type><dimension><width>185</width><height>25</height></dimension></children><children><children><children><name/><inputValue>Greenlandss@outlook.com</inputValue><label>Contact info 2</label><type>TextCustomization</type></children><priceDelta><amount>0</amount></priceDelta><type>FlatRatePriceDeltaContainerCustomization</type></children><name>Tel</name><label>Text Input 4</label><position><x>45</x><y>207</y></position><type>PlacementContainerCustomization</type><dimension><width>185</width><height>25</height></dimension></children><children><children><children><name/><inputValue/><label>Other information</label><type>TextCustomization</type></children><type>FlatRatePriceDeltaContainerCustomization</type></children><name>Email, social and other</name><label>Text Input 3</label><position><x>45</x><y>240</y></position><type>PlacementContainerCustomization</type><dimension><width>185</width><height>55</height></dimension></children><type>ContainerCustomization</type></children><name>Business name</name><label>Text 1</label><type>ContainerCustomization</type></children><children><children><name/><label>Optional Logo upload</label><type>ImageCustomization</type></children><name>Add your logo?</name><label>Image 1</label><position><x>258</x><y>108</y></position><type>PlacementContainerCustomization</type><dimension><width>95</width><height>184</height></dimension></children><children><displayValue>I don&apos;t need help with artwork</displayValue><name>PRO Design check?</name><label>CHECK your artwork (smartphones scroll to top)</label><type>OptionCustomization</type><optionSelection><name>I don&apos;t need help with artwork</name><label>I don&apos;t need help with artwork</label><additionalCost><amount>0</amount></additionalCost></optionSelection></children><children><children><name>Disclaimer</name><inputValue>Checked</inputValue><label>Now, CONFIRM your Artwork</label><type>TextCustomization</type></children><name>Disclaimer</name><priceDelta><amount>0</amount></priceDelta><label>Now, CONFIRM your Artwork</label><type>FlatRatePriceDeltaContainerCustomization</type></children><children><displayValue>250</displayValue><name>How many cards?</name><label>Finally, CHOOSE Your Quantity</label><type>OptionCustomization</type><optionSelection><name>250</name><label>250</label><additionalCost><amount>8.99</amount></additionalCost></optionSelection></children><children><displayValue>Royal Mail</displayValue><name>Delivery Speed</name><label>Pick your delivery Speed</label><type>OptionCustomization</type><optionSelection><name>Royal Mail</name><label>Royal Mail</label><additionalCost><amount>0</amount></additionalCost></optionSelection></children><type>FlatContainerCustomization</type></children><svg>8e2435a3-fea9-1c8b-c73e-4c70d115f703.svg</svg><name>Design your cards</name><baseImage><imageUrl>https://m.media-amazon.com/images/S/gestalt-seller-images-prod-eu-west-1/A1F83G8C2ARO7P/A20SF6L0IZKPBB/1841f80c-becd-44cc-87e4-6f1ee4e299c2.jpg</imageUrl><dimension><width>1000</width><height>1000</height></dimension></baseImage><label>.</label><type>PreviewContainerCustomization</type><snapshot><imageName>1faec873-1709-b25e-f92d-d3d6248a8768.jpg</imageName><dimension><width>400</width><height>400</height></dimension></snapshot></children><type>PageContainerCustomization</type></customizationData><orderItemId>33808194254282</orderItemId><asin>B09RSRZ1HX</asin><customizationInfo><version3.0><surfaces><name>.</name><areas><optionValue>Green Stones</optionValue><name>Background Selection</name><priceDelta><value>0.0</value></priceDelta><label>SELECT your style</label><customizationType>Options</customizationType><optionImage>https://m.media-amazon.com/images/S/gestalt-seller-images-prod-eu-west-1/A1F83G8C2ARO7P/A20SF6L0IZKPBB/5007ce89-9e8b-4fd4-8c9b-5bc4c4b853c8.jpg</optionImage></areas><areas><colorName>Black</colorName><fontFamily>Helvetica</fontFamily><Position><x>40</x><y>105</y></Position><name>Business Name</name><Dimensions><width>195</width><height>30</height></Dimensions><priceDelta><value>0.0</value></priceDelta><label>Business name</label><text>Greenlands</text><fill>#000000</fill><customizationType>TextPrinting</customizationType></areas><areas><colorName>Black</colorName><fontFamily>Helvetica</fontFamily><Position><x>45</x><y>143</y></Position><name>Text Input 1</name><Dimensions><width>185</width><height>30</height></Dimensions><priceDelta><value>0.0</value></priceDelta><label>Your name</label><text>Justin green</text><fill>#000000</fill><customizationType>TextPrinting</customizationType></areas><areas><colorName>Black</colorName><fontFamily>Helvetica</fontFamily><Position><x>45</x><y>178</y></Position><name>Title</name><Dimensions><width>185</width><height>25</height></Dimensions><priceDelta><value>0.0</value></priceDelta><label>Title/Contact 1</label><text>07981 282657</text><fill>#000000</fill><customizationType>TextPrinting</customizationType></areas><areas><colorName>Black</colorName><fontFamily>Helvetica</fontFamily><Position><x>45</x><y>207</y></Position><name>Tel</name><Dimensions><width>185</width><height>25</height></Dimensions><priceDelta><value>0.0</value></priceDelta><label>Contact info 2</label><text>Greenlandss@outlook.com</text><fill>#000000</fill><customizationType>TextPrinting</customizationType></areas><areas><colorName>Black</colorName><fontFamily>Helvetica</fontFamily><Position><x>45</x><y>240</y></Position><name>Email, social and other</name><Dimensions><width>185</width><height>55</height></Dimensions><label>Other information</label><text/><fill>#000000</fill><customizationType>TextPrinting</customizationType></areas><areas><Position><x>258</x><y>108</y></Position><svgImage>8e2435a3-fea9-1c8b-c73e-4c70d115f703.svg</svgImage><name>Add your logo?</name><Dimensions><width>95</width><height>184</height></Dimensions><customizationType>ImagePrinting</customizationType></areas><areas><optionValue>I don&apos;t need help with artwork</optionValue><name>PRO Design check?</name><priceDelta><value>0.0</value></priceDelta><label>CHECK your artwork (smartphones scroll to top)</label><customizationType>Options</customizationType><optionImage/></areas><areas><name>Disclaimer</name><priceDelta><value>0.0</value></priceDelta><label>Now, CONFIRM your Artwork</label><text>Checked</text><customizationType>TextPrinting</customizationType></areas><areas><optionValue>250</optionValue><name>How many cards?</name><priceDelta><value>8.99</value></priceDelta><label>Finally, CHOOSE Your Quantity</label><customizationType>Options</customizationType><optionImage/></areas><areas><optionValue>Royal Mail</optionValue><name>Delivery Speed</name><priceDelta><value>0.0</value></priceDelta><label>Pick your delivery Speed</label><customizationType>Options</customizationType><optionImage/></areas></surfaces></version3.0></customizationInfo><title>Printed Business Cards. Design and Personalise Your own Business Cards Instantly - Various Templates - Finest 350gsm Silk Board - Best Print Quality. 100% UK Made</title></data>